rule_id,year,source_id,actual,limit,unit,operator,passed,severity,excess,plan_id,scenario_id,input_fingerprint
BASE_TOTAL_SERVICE,2035,,1.000000000000007,0.97,share,>=,True,hard,0.0,diversified,BASE,3bb53686d954c2989e85ce538f6a33c176ff5771ade8463123c631ba8d1f54ab
BASE_CRITICAL_SERVICE,2035,,0.999999999999997,0.99,share,>=,True,hard,0.0,diversified,BASE,3bb53686d954c2989e85ce538f6a33c176ff5771ade8463123c631ba8d1f54ab
RESERVE_45D,2035,,12.328767123287669,12.32876712328767,t,>=,True,hard,0.0,diversified,BASE,3bb53686d954c2989e85ce538f6a33c176ff5771ade8463123c631ba8d1f54ab
NONNEGATIVE_INVENTORY,2035,,3.552713678800501e-15,0.0,t,>=,True,hard,0.0,diversified,BASE,3bb53686d954c2989e85ce538f6a33c176ff5771ade8463123c631ba8d1f54ab
STORAGE_CAPACITY,2035,,0.0,0.0,t,<=,True,hard,0.0,diversified,BASE,3bb53686d954c2989e85ce538f6a33c176ff5771ade8463123c631ba8d1f54ab
MATERIAL_BALANCE,2035,,8.473222123939195e-13,1e-06,t,<=,True,hard,0.0,diversified,BASE,3bb53686d954c2989e85ce538f6a33c176ff5771ade8463123c631ba8d1f54ab
CRITICAL_NESTED,2035,,79.99999999999976,100.00000000000071,t,<=,True,hard,0.0,diversified,BASE,3bb53686d954c2989e85ce538f6a33c176ff5771ade8463123c631ba8d1f54ab
CAPEX_2037,2035,,360.0,1800.0,mln_units,<=,True,hard,0.0,diversified,BASE,3bb53686d954c2989e85ce538f6a33c176ff5771ade8463123c631ba8d1f54ab
LEAD_TIME,2035,,0.0,0.0,violations,<=,True,hard,0.0,diversified,BASE,3bb53686d954c2989e85ce538f6a33c176ff5771ade8463123c631ba8d1f54ab
SOURCE_UNAVAILABLE,2035,,0.0,0.0,violations,<=,True,hard,0.0,diversified,BASE,3bb53686d954c2989e85ce538f6a33c176ff5771ade8463123c631ba8d1f54ab
ISRU_FINANCING_DEADLINE,2035,,0.0,0.0,violations,<=,True,hard,0.0,diversified,BASE,3bb53686d954c2989e85ce538f6a33c176ff5771ade8463123c631ba8d1f54ab
ZBO_EARLIEST_YEAR,2035,,0.0,0.0,violations,<=,True,hard,0.0,diversified,BASE,3bb53686d954c2989e85ce538f6a33c176ff5771ade8463123c631ba8d1f54ab
EMERGENCY_BASE_STREAK,2035,,0.0,0.0,violations,<=,True,hard,0.0,diversified,BASE,3bb53686d954c2989e85ce538f6a33c176ff5771ade8463123c631ba8d1f54ab
NO_ACTIVE_CONTRACT,2035,,0.0,0.0,violations,<=,True,hard,0.0,diversified,BASE,3bb53686d954c2989e85ce538f6a33c176ff5771ade8463123c631ba8d1f54ab
RESERVATION_BEFORE_COMMISSIONING,2035,,0.0,0.0,violations,<=,True,hard,0.0,diversified,BASE,3bb53686d954c2989e85ce538f6a33c176ff5771ade8463123c631ba8d1f54ab
CAPACITY_EXCEEDED,2035,A,122.78562719644253,190.0,t/year,<=,True,hard,0.0,diversified,BASE,3bb53686d954c2989e85ce538f6a33c176ff5771ade8463123c631ba8d1f54ab
ORDER_EXCEEDS_CONTRACT,2035,A,122.78562719644253,122.78562719644253,t,<=,True,hard,0.0,diversified,BASE,3bb53686d954c2989e85ce538f6a33c176ff5771ade8463123c631ba8d1f54ab
ARRIVAL_CAPACITY_EXCEEDED,2035,A,122.78562719644266,190.0,t,<=,True,hard,0.0,diversified,BASE,3bb53686d954c2989e85ce538f6a33c176ff5771ade8463123c631ba8d1f54ab
CAPACITY_EXCEEDED,2035,B,0.0,110.0,t/year,<=,True,hard,0.0,diversified,BASE,3bb53686d954c2989e85ce538f6a33c176ff5771ade8463123c631ba8d1f54ab
ORDER_EXCEEDS_CONTRACT,2035,B,0.0,0.0,t,<=,True,hard,0.0,diversified,BASE,3bb53686d954c2989e85ce538f6a33c176ff5771ade8463123c631ba8d1f54ab
ARRIVAL_CAPACITY_EXCEEDED,2035,B,0.0,110.0,t,<=,True,hard,0.0,diversified,BASE,3bb53686d954c2989e85ce538f6a33c176ff5771ade8463123c631ba8d1f54ab
CAPACITY_EXCEEDED,2035,C,0.0,130.0,t/year,<=,True,hard,0.0,diversified,BASE,3bb53686d954c2989e85ce538f6a33c176ff5771ade8463123c631ba8d1f54ab
ORDER_EXCEEDS_CONTRACT,2035,C,0.0,0.0,t,<=,True,hard,0.0,diversified,BASE,3bb53686d954c2989e85ce538f6a33c176ff5771ade8463123c631ba8d1f54ab
ARRIVAL_CAPACITY_EXCEEDED,2035,C,0.0,0.0,t,<=,True,hard,0.0,diversified,BASE,3bb53686d954c2989e85ce538f6a33c176ff5771ade8463123c631ba8d1f54ab
CAPACITY_EXCEEDED,2035,D,0.0,120.0,t/year,<=,True,hard,0.0,diversified,BASE,3bb53686d954c2989e85ce538f6a33c176ff5771ade8463123c631ba8d1f54ab
ORDER_EXCEEDS_CONTRACT,2035,D,0.0,0.0,t,<=,True,hard,0.0,diversified,BASE,3bb53686d954c2989e85ce538f6a33c176ff5771ade8463123c631ba8d1f54ab
ARRIVAL_CAPACITY_EXCEEDED,2035,D,0.0,0.0,t,<=,True,hard,0.0,diversified,BASE,3bb53686d954c2989e85ce538f6a33c176ff5771ade8463123c631ba8d1f54ab
CAPACITY_EXCEEDED,2035,E,0.0,80.0,t/year,<=,True,hard,0.0,diversified,BASE,3bb53686d954c2989e85ce538f6a33c176ff5771ade8463123c631ba8d1f54ab
ORDER_EXCEEDS_CONTRACT,2035,E,0.0,0.0,t,<=,True,hard,0.0,diversified,BASE,3bb53686d954c2989e85ce538f6a33c176ff5771ade8463123c631ba8d1f54ab
ARRIVAL_CAPACITY_EXCEEDED,2035,E,0.0,80.0,t,<=,True,hard,0.0,diversified,BASE,3bb53686d954c2989e85ce538f6a33c176ff5771ade8463123c631ba8d1f54ab
BASE_TOTAL_SERVICE,2036,,1.0000000000000033,0.97,share,>=,True,hard,0.0,diversified,BASE,3bb53686d954c2989e85ce538f6a33c176ff5771ade8463123c631ba8d1f54ab
BASE_CRITICAL_SERVICE,2036,,1.0000000000000067,0.99,share,>=,True,hard,0.0,diversified,BASE,3bb53686d954c2989e85ce538f6a33c176ff5771ade8463123c631ba8d1f54ab
RESERVE_45D,2036,,17.260273972602743,17.26027397260274,t,>=,True,hard,0.0,diversified,BASE,3bb53686d954c2989e85ce538f6a33c176ff5771ade8463123c631ba8d1f54ab
NONNEGATIVE_INVENTORY,2036,,1.2878587085651816e-14,0.0,t,>=,True,hard,0.0,diversified,BASE,3bb53686d954c2989e85ce538f6a33c176ff5771ade8463123c631ba8d1f54ab
STORAGE_CAPACITY,2036,,0.0,0.0,t,<=,True,hard,0.0,diversified,BASE,3bb53686d954c2989e85ce538f6a33c176ff5771ade8463123c631ba8d1f54ab
MATERIAL_BALANCE,2036,,4.849454171562684e-13,1e-06,t,<=,True,hard,0.0,diversified,BASE,3bb53686d954c2989e85ce538f6a33c176ff5771ade8463123c631ba8d1f54ab
CRITICAL_NESTED,2036,,105.0000000000007,140.00000000000045,t,<=,True,hard,0.0,diversified,BASE,3bb53686d954c2989e85ce538f6a33c176ff5771ade8463123c631ba8d1f54ab
CAPEX_2037,2036,,540.0,1800.0,mln_units,<=,True,hard,0.0,diversified,BASE,3bb53686d954c2989e85ce538f6a33c176ff5771ade8463123c631ba8d1f54ab
LEAD_TIME,2036,,0.0,0.0,violations,<=,True,hard,0.0,diversified,BASE,3bb53686d954c2989e85ce538f6a33c176ff5771ade8463123c631ba8d1f54ab
SOURCE_UNAVAILABLE,2036,,0.0,0.0,violations,<=,True,hard,0.0,diversified,BASE,3bb53686d954c2989e85ce538f6a33c176ff5771ade8463123c631ba8d1f54ab
ISRU_FINANCING_DEADLINE,2036,,0.0,0.0,violations,<=,True,hard,0.0,diversified,BASE,3bb53686d954c2989e85ce538f6a33c176ff5771ade8463123c631ba8d1f54ab
ZBO_EARLIEST_YEAR,2036,,0.0,0.0,violations,<=,True,hard,0.0,diversified,BASE,3bb53686d954c2989e85ce538f6a33c176ff5771ade8463123c631ba8d1f54ab
EMERGENCY_BASE_STREAK,2036,,0.0,0.0,violations,<=,True,hard,0.0,diversified,BASE,3bb53686d954c2989e85ce538f6a33c176ff5771ade8463123c631ba8d1f54ab
NO_ACTIVE_CONTRACT,2036,,0.0,0.0,violations,<=,True,hard,0.0,diversified,BASE,3bb53686d954c2989e85ce538f6a33c176ff5771ade8463123c631ba8d1f54ab
RESERVATION_BEFORE_COMMISSIONING,2036,,0.0,0.0,violations,<=,True,hard,0.0,diversified,BASE,3bb53686d954c2989e85ce538f6a33c176ff5771ade8463123c631ba8d1f54ab
CAPACITY_EXCEEDED,2036,A,168.19810326659933,190.0,t/year,<=,True,hard,0.0,diversified,BASE,3bb53686d954c2989e85ce538f6a33c176ff5771ade8463123c631ba8d1f54ab
ORDER_EXCEEDS_CONTRACT,2036,A,168.19810326659933,168.19810326659933,t,<=,True,hard,0.0,diversified,BASE,3bb53686d954c2989e85ce538f6a33c176ff5771ade8463123c631ba8d1f54ab
ARRIVAL_CAPACITY_EXCEEDED,2036,A,168.19810326659837,190.0,t,<=,True,hard,0.0,diversified,BASE,3bb53686d954c2989e85ce538f6a33c176ff5771ade8463123c631ba8d1f54ab
CAPACITY_EXCEEDED,2036,B,0.0,110.0,t/year,<=,True,hard,0.0,diversified,BASE,3bb53686d954c2989e85ce538f6a33c176ff5771ade8463123c631ba8d1f54ab
ORDER_EXCEEDS_CONTRACT,2036,B,0.0,0.0,t,<=,True,hard,0.0,diversified,BASE,3bb53686d954c2989e85ce538f6a33c176ff5771ade8463123c631ba8d1f54ab
ARRIVAL_CAPACITY_EXCEEDED,2036,B,0.0,110.0,t,<=,True,hard,0.0,diversified,BASE,3bb53686d954c2989e85ce538f6a33c176ff5771ade8463123c631ba8d1f54ab
CAPACITY_EXCEEDED,2036,C,0.0,130.0,t/year,<=,True,hard,0.0,diversified,BASE,3bb53686d954c2989e85ce538f6a33c176ff5771ade8463123c631ba8d1f54ab
ORDER_EXCEEDS_CONTRACT,2036,C,0.0,0.0,t,<=,True,hard,0.0,diversified,BASE,3bb53686d954c2989e85ce538f6a33c176ff5771ade8463123c631ba8d1f54ab
ARRIVAL_CAPACITY_EXCEEDED,2036,C,0.0,0.0,t,<=,True,hard,0.0,diversified,BASE,3bb53686d954c2989e85ce538f6a33c176ff5771ade8463123c631ba8d1f54ab
CAPACITY_EXCEEDED,2036,D,0.0,120.0,t/year,<=,True,hard,0.0,diversified,BASE,3bb53686d954c2989e85ce538f6a33c176ff5771ade8463123c631ba8d1f54ab
ORDER_EXCEEDS_CONTRACT,2036,D,0.0,0.0,t,<=,True,hard,0.0,diversified,BASE,3bb53686d954c2989e85ce538f6a33c176ff5771ade8463123c631ba8d1f54ab
ARRIVAL_CAPACITY_EXCEEDED,2036,D,0.0,0.0,t,<=,True,hard,0.0,diversified,BASE,3bb53686d954c2989e85ce538f6a33c176ff5771ade8463123c631ba8d1f54ab
CAPACITY_EXCEEDED,2036,E,0.0,80.0,t/year,<=,True,hard,0.0,diversified,BASE,3bb53686d954c2989e85ce538f6a33c176ff5771ade8463123c631ba8d1f54ab
ORDER_EXCEEDS_CONTRACT,2036,E,0.0,0.0,t,<=,True,hard,0.0,diversified,BASE,3bb53686d954c2989e85ce538f6a33c176ff5771ade8463123c631ba8d1f54ab
ARRIVAL_CAPACITY_EXCEEDED,2036,E,0.0,80.0,t,<=,True,hard,0.0,diversified,BASE,3bb53686d954c2989e85ce538f6a33c176ff5771ade8463123c631ba8d1f54ab
BASE_TOTAL_SERVICE,2037,,1.000000000000008,0.97,share,>=,True,hard,0.0,diversified,BASE,3bb53686d954c2989e85ce538f6a33c176ff5771ade8463123c631ba8d1f54ab
BASE_CRITICAL_SERVICE,2037,,1.0000000000000013,0.99,share,>=,True,hard,0.0,diversified,BASE,3bb53686d954c2989e85ce538f6a33c176ff5771ade8463123c631ba8d1f54ab
RESERVE_45D,2037,,43.44000000000196,23.424657534246574,t,>=,True,hard,0.0,diversified,BASE,3bb53686d954c2989e85ce538f6a33c176ff5771ade8463123c631ba8d1f54ab
NONNEGATIVE_INVENTORY,2037,,1.9539925233402755e-14,0.0,t,>=,True,hard,0.0,diversified,BASE,3bb53686d954c2989e85ce538f6a33c176ff5771ade8463123c631ba8d1f54ab
STORAGE_CAPACITY,2037,,0.0,0.0,t,<=,True,hard,0.0,diversified,BASE,3bb53686d954c2989e85ce538f6a33c176ff5771ade8463123c631ba8d1f54ab
MATERIAL_BALANCE,2037,,4.614086890342151e-13,1e-06,t,<=,True,hard,0.0,diversified,BASE,3bb53686d954c2989e85ce538f6a33c176ff5771ade8463123c631ba8d1f54ab
CRITICAL_NESTED,2037,,135.00000000000017,190.0000000000015,t,<=,True,hard,0.0,diversified,BASE,3bb53686d954c2989e85ce538f6a33c176ff5771ade8463123c631ba8d1f54ab
CAPEX_2037,2037,,1790.0,1800.0,mln_units,<=,True,hard,0.0,diversified,BASE,3bb53686d954c2989e85ce538f6a33c176ff5771ade8463123c631ba8d1f54ab
LEAD_TIME,2037,,0.0,0.0,violations,<=,True,hard,0.0,diversified,BASE,3bb53686d954c2989e85ce538f6a33c176ff5771ade8463123c631ba8d1f54ab
SOURCE_UNAVAILABLE,2037,,0.0,0.0,violations,<=,True,hard,0.0,diversified,BASE,3bb53686d954c2989e85ce538f6a33c176ff5771ade8463123c631ba8d1f54ab
ISRU_FINANCING_DEADLINE,2037,,0.0,0.0,violations,<=,True,hard,0.0,diversified,BASE,3bb53686d954c2989e85ce538f6a33c176ff5771ade8463123c631ba8d1f54ab
ZBO_EARLIEST_YEAR,2037,,0.0,0.0,violations,<=,True,hard,0.0,diversified,BASE,3bb53686d954c2989e85ce538f6a33c176ff5771ade8463123c631ba8d1f54ab
EMERGENCY_BASE_STREAK,2037,,0.0,0.0,violations,<=,True,hard,0.0,diversified,BASE,3bb53686d954c2989e85ce538f6a33c176ff5771ade8463123c631ba8d1f54ab
NO_ACTIVE_CONTRACT,2037,,0.0,0.0,violations,<=,True,hard,0.0,diversified,BASE,3bb53686d954c2989e85ce538f6a33c176ff5771ade8463123c631ba8d1f54ab
RESERVATION_BEFORE_COMMISSIONING,2037,,0.0,0.0,violations,<=,True,hard,0.0,diversified,BASE,3bb53686d954c2989e85ce538f6a33c176ff5771ade8463123c631ba8d1f54ab
CAPACITY_EXCEEDED,2037,A,190.0,190.0,t/year,<=,True,hard,0.0,diversified,BASE,3bb53686d954c2989e85ce538f6a33c176ff5771ade8463123c631ba8d1f54ab
ORDER_EXCEEDS_CONTRACT,2037,A,189.99999999999937,190.0,t,<=,True,hard,0.0,diversified,BASE,3bb53686d954c2989e85ce538f6a33c176ff5771ade8463123c631ba8d1f54ab
ARRIVAL_CAPACITY_EXCEEDED,2037,A,189.9999999999983,190.0,t,<=,True,hard,0.0,diversified,BASE,3bb53686d954c2989e85ce538f6a33c176ff5771ade8463123c631ba8d1f54ab
CAPACITY_EXCEEDED,2037,B,0.0,110.0,t/year,<=,True,hard,0.0,diversified,BASE,3bb53686d954c2989e85ce538f6a33c176ff5771ade8463123c631ba8d1f54ab
ORDER_EXCEEDS_CONTRACT,2037,B,0.0,0.0,t,<=,True,hard,0.0,diversified,BASE,3bb53686d954c2989e85ce538f6a33c176ff5771ade8463123c631ba8d1f54ab
ARRIVAL_CAPACITY_EXCEEDED,2037,B,0.0,110.0,t,<=,True,hard,0.0,diversified,BASE,3bb53686d954c2989e85ce538f6a33c176ff5771ade8463123c631ba8d1f54ab
CAPACITY_EXCEEDED,2037,C,0.0,130.0,t/year,<=,True,hard,0.0,diversified,BASE,3bb53686d954c2989e85ce538f6a33c176ff5771ade8463123c631ba8d1f54ab
ORDER_EXCEEDS_CONTRACT,2037,C,0.0,0.0,t,<=,True,hard,0.0,diversified,BASE,3bb53686d954c2989e85ce538f6a33c176ff5771ade8463123c631ba8d1f54ab
ARRIVAL_CAPACITY_EXCEEDED,2037,C,0.0,130.0,t,<=,True,hard,0.0,diversified,BASE,3bb53686d954c2989e85ce538f6a33c176ff5771ade8463123c631ba8d1f54ab
CAPACITY_EXCEEDED,2037,D,0.0,120.0,t/year,<=,True,hard,0.0,diversified,BASE,3bb53686d954c2989e85ce538f6a33c176ff5771ade8463123c631ba8d1f54ab
ORDER_EXCEEDS_CONTRACT,2037,D,0.0,0.0,t,<=,True,hard,0.0,diversified,BASE,3bb53686d954c2989e85ce538f6a33c176ff5771ade8463123c631ba8d1f54ab
ARRIVAL_CAPACITY_EXCEEDED,2037,D,0.0,0.0,t,<=,True,hard,0.0,diversified,BASE,3bb53686d954c2989e85ce538f6a33c176ff5771ade8463123c631ba8d1f54ab
CAPACITY_EXCEEDED,2037,E,0.0,80.0,t/year,<=,True,hard,0.0,diversified,BASE,3bb53686d954c2989e85ce538f6a33c176ff5771ade8463123c631ba8d1f54ab
ORDER_EXCEEDS_CONTRACT,2037,E,0.0,0.0,t,<=,True,hard,0.0,diversified,BASE,3bb53686d954c2989e85ce538f6a33c176ff5771ade8463123c631ba8d1f54ab
ARRIVAL_CAPACITY_EXCEEDED,2037,E,0.0,80.0,t,<=,True,hard,0.0,diversified,BASE,3bb53686d954c2989e85ce538f6a33c176ff5771ade8463123c631ba8d1f54ab
BASE_TOTAL_SERVICE,2038,,1.0000000000000047,0.97,share,>=,True,hard,0.0,diversified,BASE,3bb53686d954c2989e85ce538f6a33c176ff5771ade8463123c631ba8d1f54ab
BASE_CRITICAL_SERVICE,2038,,0.9999999999999941,0.99,share,>=,True,hard,0.0,diversified,BASE,3bb53686d954c2989e85ce538f6a33c176ff5771ade8463123c631ba8d1f54ab
RESERVE_45D,2038,,41.160000000000316,30.82191780821918,t,>=,True,hard,0.0,diversified,BASE,3bb53686d954c2989e85ce538f6a33c176ff5771ade8463123c631ba8d1f54ab
NONNEGATIVE_INVENTORY,2038,,1.865174681370263e-14,0.0,t,>=,True,hard,0.0,diversified,BASE,3bb53686d954c2989e85ce538f6a33c176ff5771ade8463123c631ba8d1f54ab
STORAGE_CAPACITY,2038,,0.0,0.0,t,<=,True,hard,0.0,diversified,BASE,3bb53686d954c2989e85ce538f6a33c176ff5771ade8463123c631ba8d1f54ab
MATERIAL_BALANCE,2038,,7.478462293875054e-13,1e-06,t,<=,True,hard,0.0,diversified,BASE,3bb53686d954c2989e85ce538f6a33c176ff5771ade8463123c631ba8d1f54ab
CRITICAL_NESTED,2038,,169.999999999999,250.00000000000117,t,<=,True,hard,0.0,diversified,BASE,3bb53686d954c2989e85ce538f6a33c176ff5771ade8463123c631ba8d1f54ab
CAPEX_2040,2038,,1790.0,2800.0,mln_units,<=,True,hard,0.0,diversified,BASE,3bb53686d954c2989e85ce538f6a33c176ff5771ade8463123c631ba8d1f54ab
LEAD_TIME,2038,,0.0,0.0,violations,<=,True,hard,0.0,diversified,BASE,3bb53686d954c2989e85ce538f6a33c176ff5771ade8463123c631ba8d1f54ab
SOURCE_UNAVAILABLE,2038,,0.0,0.0,violations,<=,True,hard,0.0,diversified,BASE,3bb53686d954c2989e85ce538f6a33c176ff5771ade8463123c631ba8d1f54ab
ISRU_FINANCING_DEADLINE,2038,,0.0,0.0,violations,<=,True,hard,0.0,diversified,BASE,3bb53686d954c2989e85ce538f6a33c176ff5771ade8463123c631ba8d1f54ab
ZBO_EARLIEST_YEAR,2038,,0.0,0.0,violations,<=,True,hard,0.0,diversified,BASE,3bb53686d954c2989e85ce538f6a33c176ff5771ade8463123c631ba8d1f54ab
EMERGENCY_BASE_STREAK,2038,,0.0,0.0,violations,<=,True,hard,0.0,diversified,BASE,3bb53686d954c2989e85ce538f6a33c176ff5771ade8463123c631ba8d1f54ab
NO_ACTIVE_CONTRACT,2038,,0.0,0.0,violations,<=,True,hard,0.0,diversified,BASE,3bb53686d954c2989e85ce538f6a33c176ff5771ade8463123c631ba8d1f54ab
RESERVATION_BEFORE_COMMISSIONING,2038,,0.0,0.0,violations,<=,True,hard,0.0,diversified,BASE,3bb53686d954c2989e85ce538f6a33c176ff5771ade8463123c631ba8d1f54ab
CAPACITY_EXCEEDED,2038,A,190.0,190.0,t/year,<=,True,hard,0.0,diversified,BASE,3bb53686d954c2989e85ce538f6a33c176ff5771ade8463123c631ba8d1f54ab
ORDER_EXCEEDS_CONTRACT,2038,A,190.0000000000001,190.0,t,<=,True,hard,0.0,diversified,BASE,3bb53686d954c2989e85ce538f6a33c176ff5771ade8463123c631ba8d1f54ab
ARRIVAL_CAPACITY_EXCEEDED,2038,A,189.99999999999977,190.0,t,<=,True,hard,0.0,diversified,BASE,3bb53686d954c2989e85ce538f6a33c176ff5771ade8463123c631ba8d1f54ab
CAPACITY_EXCEEDED,2038,B,110.0,110.0,t/year,<=,True,hard,0.0,diversified,BASE,3bb53686d954c2989e85ce538f6a33c176ff5771ade8463123c631ba8d1f54ab
ORDER_EXCEEDS_CONTRACT,2038,B,0.0,110.0,t,<=,True,hard,0.0,diversified,BASE,3bb53686d954c2989e85ce538f6a33c176ff5771ade8463123c631ba8d1f54ab
ARRIVAL_CAPACITY_EXCEEDED,2038,B,0.0,110.0,t,<=,True,hard,0.0,diversified,BASE,3bb53686d954c2989e85ce538f6a33c176ff5771ade8463123c631ba8d1f54ab
CAPACITY_EXCEEDED,2038,C,130.0,130.0,t/year,<=,True,hard,0.0,diversified,BASE,3bb53686d954c2989e85ce538f6a33c176ff5771ade8463123c631ba8d1f54ab
ORDER_EXCEEDS_CONTRACT,2038,C,0.0,130.0,t,<=,True,hard,0.0,diversified,BASE,3bb53686d954c2989e85ce538f6a33c176ff5771ade8463123c631ba8d1f54ab
ARRIVAL_CAPACITY_EXCEEDED,2038,C,0.0,130.0,t,<=,True,hard,0.0,diversified,BASE,3bb53686d954c2989e85ce538f6a33c176ff5771ade8463123c631ba8d1f54ab
CAPACITY_EXCEEDED,2038,D,120.0,120.0,t/year,<=,True,hard,0.0,diversified,BASE,3bb53686d954c2989e85ce538f6a33c176ff5771ade8463123c631ba8d1f54ab
ORDER_EXCEEDS_CONTRACT,2038,D,119.99999999999996,120.0,t,<=,True,hard,0.0,diversified,BASE,3bb53686d954c2989e85ce538f6a33c176ff5771ade8463123c631ba8d1f54ab
ARRIVAL_CAPACITY_EXCEEDED,2038,D,119.99999999999987,120.0,t,<=,True,hard,0.0,diversified,BASE,3bb53686d954c2989e85ce538f6a33c176ff5771ade8463123c631ba8d1f54ab
CAPACITY_EXCEEDED,2038,E,80.0,80.0,t/year,<=,True,hard,0.0,diversified,BASE,3bb53686d954c2989e85ce538f6a33c176ff5771ade8463123c631ba8d1f54ab
ORDER_EXCEEDS_CONTRACT,2038,E,0.0,80.0,t,<=,True,hard,0.0,diversified,BASE,3bb53686d954c2989e85ce538f6a33c176ff5771ade8463123c631ba8d1f54ab
ARRIVAL_CAPACITY_EXCEEDED,2038,E,0.0,80.0,t,<=,True,hard,0.0,diversified,BASE,3bb53686d954c2989e85ce538f6a33c176ff5771ade8463123c631ba8d1f54ab
BASE_TOTAL_SERVICE,2039,,0.999999999999997,0.97,share,>=,True,hard,0.0,diversified,BASE,3bb53686d954c2989e85ce538f6a33c176ff5771ade8463123c631ba8d1f54ab
BASE_CRITICAL_SERVICE,2039,,1.0000000000000067,0.99,share,>=,True,hard,0.0,diversified,BASE,3bb53686d954c2989e85ce538f6a33c176ff5771ade8463123c631ba8d1f54ab
RESERVE_45D,2039,,97.44000000000001,39.45205479452055,t,>=,True,hard,0.0,diversified,BASE,3bb53686d954c2989e85ce538f6a33c176ff5771ade8463123c631ba8d1f54ab
NONNEGATIVE_INVENTORY,2039,,2.1316282072803006e-14,0.0,t,>=,True,hard,0.0,diversified,BASE,3bb53686d954c2989e85ce538f6a33c176ff5771ade8463123c631ba8d1f54ab
STORAGE_CAPACITY,2039,,0.0,0.0,t,<=,True,hard,0.0,diversified,BASE,3bb53686d954c2989e85ce538f6a33c176ff5771ade8463123c631ba8d1f54ab
MATERIAL_BALANCE,2039,,4.605205106145149e-13,1e-06,t,<=,True,hard,0.0,diversified,BASE,3bb53686d954c2989e85ce538f6a33c176ff5771ade8463123c631ba8d1f54ab
CRITICAL_NESTED,2039,,210.0000000000014,319.99999999999903,t,<=,True,hard,0.0,diversified,BASE,3bb53686d954c2989e85ce538f6a33c176ff5771ade8463123c631ba8d1f54ab
CAPEX_2040,2039,,1790.0,2800.0,mln_units,<=,True,hard,0.0,diversified,BASE,3bb53686d954c2989e85ce538f6a33c176ff5771ade8463123c631ba8d1f54ab
LEAD_TIME,2039,,0.0,0.0,violations,<=,True,hard,0.0,diversified,BASE,3bb53686d954c2989e85ce538f6a33c176ff5771ade8463123c631ba8d1f54ab
SOURCE_UNAVAILABLE,2039,,0.0,0.0,violations,<=,True,hard,0.0,diversified,BASE,3bb53686d954c2989e85ce538f6a33c176ff5771ade8463123c631ba8d1f54ab
ISRU_FINANCING_DEADLINE,2039,,0.0,0.0,violations,<=,True,hard,0.0,diversified,BASE,3bb53686d954c2989e85ce538f6a33c176ff5771ade8463123c631ba8d1f54ab
ZBO_EARLIEST_YEAR,2039,,0.0,0.0,violations,<=,True,hard,0.0,diversified,BASE,3bb53686d954c2989e85ce538f6a33c176ff5771ade8463123c631ba8d1f54ab
EMERGENCY_BASE_STREAK,2039,,0.0,0.0,violations,<=,True,hard,0.0,diversified,BASE,3bb53686d954c2989e85ce538f6a33c176ff5771ade8463123c631ba8d1f54ab
NO_ACTIVE_CONTRACT,2039,,0.0,0.0,violations,<=,True,hard,0.0,diversified,BASE,3bb53686d954c2989e85ce538f6a33c176ff5771ade8463123c631ba8d1f54ab
RESERVATION_BEFORE_COMMISSIONING,2039,,0.0,0.0,violations,<=,True,hard,0.0,diversified,BASE,3bb53686d954c2989e85ce538f6a33c176ff5771ade8463123c631ba8d1f54ab
CAPACITY_EXCEEDED,2039,A,190.0,190.0,t/year,<=,True,hard,0.0,diversified,BASE,3bb53686d954c2989e85ce538f6a33c176ff5771ade8463123c631ba8d1f54ab
ORDER_EXCEEDS_CONTRACT,2039,A,190.00000000000048,190.0,t,<=,True,hard,0.0,diversified,BASE,3bb53686d954c2989e85ce538f6a33c176ff5771ade8463123c631ba8d1f54ab
ARRIVAL_CAPACITY_EXCEEDED,2039,A,190.0000000000003,190.0,t,<=,True,hard,0.0,diversified,BASE,3bb53686d954c2989e85ce538f6a33c176ff5771ade8463123c631ba8d1f54ab
CAPACITY_EXCEEDED,2039,B,110.0,110.0,t/year,<=,True,hard,0.0,diversified,BASE,3bb53686d954c2989e85ce538f6a33c176ff5771ade8463123c631ba8d1f54ab
ORDER_EXCEEDS_CONTRACT,2039,B,0.0,110.0,t,<=,True,hard,0.0,diversified,BASE,3bb53686d954c2989e85ce538f6a33c176ff5771ade8463123c631ba8d1f54ab
ARRIVAL_CAPACITY_EXCEEDED,2039,B,0.0,110.0,t,<=,True,hard,0.0,diversified,BASE,3bb53686d954c2989e85ce538f6a33c176ff5771ade8463123c631ba8d1f54ab
CAPACITY_EXCEEDED,2039,C,130.0,130.0,t/year,<=,True,hard,0.0,diversified,BASE,3bb53686d954c2989e85ce538f6a33c176ff5771ade8463123c631ba8d1f54ab
ORDER_EXCEEDS_CONTRACT,2039,C,0.0,130.0,t,<=,True,hard,0.0,diversified,BASE,3bb53686d954c2989e85ce538f6a33c176ff5771ade8463123c631ba8d1f54ab
ARRIVAL_CAPACITY_EXCEEDED,2039,C,0.0,130.0,t,<=,True,hard,0.0,diversified,BASE,3bb53686d954c2989e85ce538f6a33c176ff5771ade8463123c631ba8d1f54ab
CAPACITY_EXCEEDED,2039,D,120.0,120.0,t/year,<=,True,hard,0.0,diversified,BASE,3bb53686d954c2989e85ce538f6a33c176ff5771ade8463123c631ba8d1f54ab
ORDER_EXCEEDS_CONTRACT,2039,D,119.99999999999983,120.0,t,<=,True,hard,0.0,diversified,BASE,3bb53686d954c2989e85ce538f6a33c176ff5771ade8463123c631ba8d1f54ab
ARRIVAL_CAPACITY_EXCEEDED,2039,D,119.99999999999977,120.0,t,<=,True,hard,0.0,diversified,BASE,3bb53686d954c2989e85ce538f6a33c176ff5771ade8463123c631ba8d1f54ab
CAPACITY_EXCEEDED,2039,E,80.0,80.0,t/year,<=,True,hard,0.0,diversified,BASE,3bb53686d954c2989e85ce538f6a33c176ff5771ade8463123c631ba8d1f54ab
ORDER_EXCEEDS_CONTRACT,2039,E,0.0,80.0,t,<=,True,hard,0.0,diversified,BASE,3bb53686d954c2989e85ce538f6a33c176ff5771ade8463123c631ba8d1f54ab
ARRIVAL_CAPACITY_EXCEEDED,2039,E,0.0,80.0,t,<=,True,hard,0.0,diversified,BASE,3bb53686d954c2989e85ce538f6a33c176ff5771ade8463123c631ba8d1f54ab
BASE_TOTAL_SERVICE,2040,,1.0000000000000075,0.97,share,>=,True,hard,0.0,diversified,BASE,3bb53686d954c2989e85ce538f6a33c176ff5771ade8463123c631ba8d1f54ab
BASE_CRITICAL_SERVICE,2040,,1.0000000000000047,0.99,share,>=,True,hard,0.0,diversified,BASE,3bb53686d954c2989e85ce538f6a33c176ff5771ade8463123c631ba8d1f54ab
RESERVE_45D,2040,,83.71999999999983,48.082191780821915,t,>=,True,hard,0.0,diversified,BASE,3bb53686d954c2989e85ce538f6a33c176ff5771ade8463123c631ba8d1f54ab
NONNEGATIVE_INVENTORY,2040,,1.4654943925052066e-14,0.0,t,>=,True,hard,0.0,diversified,BASE,3bb53686d954c2989e85ce538f6a33c176ff5771ade8463123c631ba8d1f54ab
STORAGE_CAPACITY,2040,,0.0,0.0,t,<=,True,hard,0.0,diversified,BASE,3bb53686d954c2989e85ce538f6a33c176ff5771ade8463123c631ba8d1f54ab
MATERIAL_BALANCE,2040,,1.943556426908799e-12,1e-06,t,<=,True,hard,0.0,diversified,BASE,3bb53686d954c2989e85ce538f6a33c176ff5771ade8463123c631ba8d1f54ab
CRITICAL_NESTED,2040,,250.00000000000117,390.00000000000296,t,<=,True,hard,0.0,diversified,BASE,3bb53686d954c2989e85ce538f6a33c176ff5771ade8463123c631ba8d1f54ab
CAPEX_2040,2040,,1790.0,2800.0,mln_units,<=,True,hard,0.0,diversified,BASE,3bb53686d954c2989e85ce538f6a33c176ff5771ade8463123c631ba8d1f54ab
LEAD_TIME,2040,,0.0,0.0,violations,<=,True,hard,0.0,diversified,BASE,3bb53686d954c2989e85ce538f6a33c176ff5771ade8463123c631ba8d1f54ab
SOURCE_UNAVAILABLE,2040,,0.0,0.0,violations,<=,True,hard,0.0,diversified,BASE,3bb53686d954c2989e85ce538f6a33c176ff5771ade8463123c631ba8d1f54ab
ISRU_FINANCING_DEADLINE,2040,,0.0,0.0,violations,<=,True,hard,0.0,diversified,BASE,3bb53686d954c2989e85ce538f6a33c176ff5771ade8463123c631ba8d1f54ab
ZBO_EARLIEST_YEAR,2040,,0.0,0.0,violations,<=,True,hard,0.0,diversified,BASE,3bb53686d954c2989e85ce538f6a33c176ff5771ade8463123c631ba8d1f54ab
EMERGENCY_BASE_STREAK,2040,,0.0,0.0,violations,<=,True,hard,0.0,diversified,BASE,3bb53686d954c2989e85ce538f6a33c176ff5771ade8463123c631ba8d1f54ab
NO_ACTIVE_CONTRACT,2040,,0.0,0.0,violations,<=,True,hard,0.0,diversified,BASE,3bb53686d954c2989e85ce538f6a33c176ff5771ade8463123c631ba8d1f54ab
RESERVATION_BEFORE_COMMISSIONING,2040,,0.0,0.0,violations,<=,True,hard,0.0,diversified,BASE,3bb53686d954c2989e85ce538f6a33c176ff5771ade8463123c631ba8d1f54ab
CAPACITY_EXCEEDED,2040,A,190.0,190.0,t/year,<=,True,hard,0.0,diversified,BASE,3bb53686d954c2989e85ce538f6a33c176ff5771ade8463123c631ba8d1f54ab
ORDER_EXCEEDS_CONTRACT,2040,A,190.00000000000003,190.0,t,<=,True,hard,0.0,diversified,BASE,3bb53686d954c2989e85ce538f6a33c176ff5771ade8463123c631ba8d1f54ab
ARRIVAL_CAPACITY_EXCEEDED,2040,A,189.9999999999999,190.0,t,<=,True,hard,0.0,diversified,BASE,3bb53686d954c2989e85ce538f6a33c176ff5771ade8463123c631ba8d1f54ab
CAPACITY_EXCEEDED,2040,B,110.0,110.0,t/year,<=,True,hard,0.0,diversified,BASE,3bb53686d954c2989e85ce538f6a33c176ff5771ade8463123c631ba8d1f54ab
ORDER_EXCEEDS_CONTRACT,2040,B,0.0,110.0,t,<=,True,hard,0.0,diversified,BASE,3bb53686d954c2989e85ce538f6a33c176ff5771ade8463123c631ba8d1f54ab
ARRIVAL_CAPACITY_EXCEEDED,2040,B,0.0,110.0,t,<=,True,hard,0.0,diversified,BASE,3bb53686d954c2989e85ce538f6a33c176ff5771ade8463123c631ba8d1f54ab
CAPACITY_EXCEEDED,2040,C,130.0,130.0,t/year,<=,True,hard,0.0,diversified,BASE,3bb53686d954c2989e85ce538f6a33c176ff5771ade8463123c631ba8d1f54ab
ORDER_EXCEEDS_CONTRACT,2040,C,0.0,130.0,t,<=,True,hard,0.0,diversified,BASE,3bb53686d954c2989e85ce538f6a33c176ff5771ade8463123c631ba8d1f54ab
ARRIVAL_CAPACITY_EXCEEDED,2040,C,0.0,130.0,t,<=,True,hard,0.0,diversified,BASE,3bb53686d954c2989e85ce538f6a33c176ff5771ade8463123c631ba8d1f54ab
CAPACITY_EXCEEDED,2040,D,120.0,120.0,t/year,<=,True,hard,0.0,diversified,BASE,3bb53686d954c2989e85ce538f6a33c176ff5771ade8463123c631ba8d1f54ab
ORDER_EXCEEDS_CONTRACT,2040,D,120.00000000000001,120.0,t,<=,True,hard,0.0,diversified,BASE,3bb53686d954c2989e85ce538f6a33c176ff5771ade8463123c631ba8d1f54ab
ARRIVAL_CAPACITY_EXCEEDED,2040,D,120.00000000000028,120.0,t,<=,True,hard,0.0,diversified,BASE,3bb53686d954c2989e85ce538f6a33c176ff5771ade8463123c631ba8d1f54ab
CAPACITY_EXCEEDED,2040,E,80.0,80.0,t/year,<=,True,hard,0.0,diversified,BASE,3bb53686d954c2989e85ce538f6a33c176ff5771ade8463123c631ba8d1f54ab
ORDER_EXCEEDS_CONTRACT,2040,E,0.0,80.0,t,<=,True,hard,0.0,diversified,BASE,3bb53686d954c2989e85ce538f6a33c176ff5771ade8463123c631ba8d1f54ab
ARRIVAL_CAPACITY_EXCEEDED,2040,E,0.0,80.0,t,<=,True,hard,0.0,diversified,BASE,3bb53686d954c2989e85ce538f6a33c176ff5771ade8463123c631ba8d1f54ab
