parameter,value,range_basis,baseline_input_fingerprint,experiment_input_fingerprint,plan_id,scenario_id,feasible,total_cost_mln,shortage_t,min_total_service,min_critical_service,violations,critical_shortage_t,min_inventory_t,max_inventory_t,rejected_t,flexible_rights_2038_t,service_compliant,cheapest_compliant_plan
demand,0.8,"0.8–1.25 из low/high данных; ×1.5–2 только TEAM reverse-stress, не прогноз",3bb53686d954c2989e85ce538f6a33c176ff5771ade8463123c631ba8d1f54ab,3bb53686d954c2989e85ce538f6a33c176ff5771ade8463123c631ba8d1f54ab,earth,BASE,False,10517.10438669035,0.0,0.9999999999999921,0.9999999999999966,25,2.2026824808563106e-13,2.4657534246575157,119.58356164383561,160.78420498031642,0.0,True,none_feasible
demand,0.8,"0.8–1.25 из low/high данных; ×1.5–2 только TEAM reverse-stress, не прогноз",3bb53686d954c2989e85ce538f6a33c176ff5771ade8463123c631ba8d1f54ab,3bb53686d954c2989e85ce538f6a33c176ff5771ade8463123c631ba8d1f54ab,lunar,BASE,False,10041.235025128486,0.0,0.9999999999999921,0.9999999999999966,68,2.2026824808563106e-13,2.4657534246575157,119.58356164383562,166.41839054961233,0.0,True,none_feasible
demand,0.8,"0.8–1.25 из low/high данных; ×1.5–2 только TEAM reverse-stress, не прогноз",3bb53686d954c2989e85ce538f6a33c176ff5771ade8463123c631ba8d1f54ab,3bb53686d954c2989e85ce538f6a33c176ff5771ade8463123c631ba8d1f54ab,diversified,BASE,False,12036.235025128488,0.0,0.9999999999999921,0.9999999999999966,70,2.2026824808563106e-13,2.4657534246575157,119.58356164383562,166.41839054961233,320.00000000000006,True,none_feasible
demand,1.0,"0.8–1.25 из low/high данных; ×1.5–2 только TEAM reverse-stress, не прогноз",3bb53686d954c2989e85ce538f6a33c176ff5771ade8463123c631ba8d1f54ab,3bb53686d954c2989e85ce538f6a33c176ff5771ade8463123c631ba8d1f54ab,earth,BASE,True,10265.13564568828,3.836930773104541e-13,0.9999999999999968,0.9999999999999941,0,1.2363443602225743e-12,0.0,77.67999999999952,0.0,0.0,True,lunar
demand,1.0,"0.8–1.25 из low/high данных; ×1.5–2 только TEAM reverse-stress, не прогноз",3bb53686d954c2989e85ce538f6a33c176ff5771ade8463123c631ba8d1f54ab,3bb53686d954c2989e85ce538f6a33c176ff5771ade8463123c631ba8d1f54ab,lunar,BASE,True,9795.159803931261,0.0,0.999999999999997,0.9999999999999941,0,1.2363443602225743e-12,3.552713678800501e-15,97.43999999999991,0.0,0.0,True,lunar
demand,1.0,"0.8–1.25 из low/high данных; ×1.5–2 только TEAM reverse-stress, не прогноз",3bb53686d954c2989e85ce538f6a33c176ff5771ade8463123c631ba8d1f54ab,3bb53686d954c2989e85ce538f6a33c176ff5771ade8463123c631ba8d1f54ab,diversified,BASE,True,11790.159803931263,0.0,0.999999999999997,0.9999999999999941,0,1.2363443602225743e-12,3.552713678800501e-15,97.44000000000001,0.0,320.00000000000006,True,lunar
demand,1.1,"0.8–1.25 из low/high данных; ×1.5–2 только TEAM reverse-stress, не прогноз",3bb53686d954c2989e85ce538f6a33c176ff5771ade8463123c631ba8d1f54ab,3bb53686d954c2989e85ce538f6a33c176ff5771ade8463123c631ba8d1f54ab,earth,BASE,False,10262.629484712488,139.00000000000043,0.9088865472427184,0.9689682210230162,14,20.50493150684592,0.0,77.61150684931458,0.0,0.0,False,none_feasible
demand,1.1,"0.8–1.25 из low/high данных; ×1.5–2 только TEAM reverse-stress, не прогноз",3bb53686d954c2989e85ce538f6a33c176ff5771ade8463123c631ba8d1f54ab,3bb53686d954c2989e85ce538f6a33c176ff5771ade8463123c631ba8d1f54ab,lunar,BASE,False,9792.894616106152,139.0000000000002,0.9088865472427183,0.9726027397260261,14,19.33205479452046,0.0,97.37150684931494,0.0,0.0,False,none_feasible
demand,1.1,"0.8–1.25 из low/high данных; ×1.5–2 только TEAM reverse-stress, не прогноз",3bb53686d954c2989e85ce538f6a33c176ff5771ade8463123c631ba8d1f54ab,3bb53686d954c2989e85ce538f6a33c176ff5771ade8463123c631ba8d1f54ab,diversified,BASE,False,11787.894616106156,139.00000000000023,0.9088865472427183,0.9726027397260261,14,19.332054794520573,0.0,97.37150684931504,0.0,320.00000000000006,False,none_feasible
demand,1.15,"0.8–1.25 из low/high данных; ×1.5–2 только TEAM reverse-stress, не прогноз",3bb53686d954c2989e85ce538f6a33c176ff5771ade8463123c631ba8d1f54ab,3bb53686d954c2989e85ce538f6a33c176ff5771ade8463123c631ba8d1f54ab,earth,BASE,False,10261.539549279949,208.4999999999997,0.8692720025656366,0.9552334943639357,14,31.43205479451848,0.0,77.57726027397212,0.0,0.0,False,none_feasible
demand,1.15,"0.8–1.25 из low/high данных; ×1.5–2 только TEAM reverse-stress, не прогноз",3bb53686d954c2989e85ce538f6a33c176ff5771ade8463123c631ba8d1f54ab,3bb53686d954c2989e85ce538f6a33c176ff5771ade8463123c631ba8d1f54ab,lunar,BASE,False,9791.909787973294,208.4999999999992,0.8692720025656364,0.9611741682974632,14,29.45616438355968,0.0,97.33726027397248,0.0,0.0,False,none_feasible
demand,1.15,"0.8–1.25 из low/high данных; ×1.5–2 только TEAM reverse-stress, не прогноз",3bb53686d954c2989e85ce538f6a33c176ff5771ade8463123c631ba8d1f54ab,3bb53686d954c2989e85ce538f6a33c176ff5771ade8463123c631ba8d1f54ab,diversified,BASE,False,11786.909787973298,208.49999999999923,0.8692720025656364,0.9611741682974636,14,29.456164383559596,0.0,97.33726027397257,0.0,320.00000000000006,False,none_feasible
demand,1.25,"0.8–1.25 из low/high данных; ×1.5–2 только TEAM reverse-stress, не прогноз",3bb53686d954c2989e85ce538f6a33c176ff5771ade8463123c631ba8d1f54ab,3bb53686d954c2989e85ce538f6a33c176ff5771ade8463123c631ba8d1f54ab,earth,BASE,False,10259.6218265102,347.50000000000153,0.7995504039339718,0.9312836123795,14,52.53260273972849,0.0,77.50876712328719,0.0,0.0,False,none_feasible
demand,1.25,"0.8–1.25 из low/high данных; ×1.5–2 только TEAM reverse-stress, не прогноз",3bb53686d954c2989e85ce538f6a33c176ff5771ade8463123c631ba8d1f54ab,3bb53686d954c2989e85ce538f6a33c176ff5771ade8463123c631ba8d1f54ab,lunar,BASE,False,9790.176628401143,347.50000000000114,0.7995504039339717,0.9397260273972545,14,49.318493150689335,0.0,97.26876712328755,0.0,0.0,False,none_feasible
demand,1.25,"0.8–1.25 из low/high данных; ×1.5–2 только TEAM reverse-stress, не прогноз",3bb53686d954c2989e85ce538f6a33c176ff5771ade8463123c631ba8d1f54ab,3bb53686d954c2989e85ce538f6a33c176ff5771ade8463123c631ba8d1f54ab,diversified,BASE,False,11785.176628401146,347.50000000000125,0.7995504039339717,0.9397260273972545,14,49.318493150689335,0.0,97.26876712328765,0.0,320.00000000000006,False,none_feasible
demand,1.5,"0.8–1.25 из low/high данных; ×1.5–2 только TEAM reverse-stress, не прогноз",3bb53686d954c2989e85ce538f6a33c176ff5771ade8463123c631ba8d1f54ab,3bb53686d954c2989e85ce538f6a33c176ff5771ade8463123c631ba8d1f54ab,earth,BASE,False,10255.9460385725,695.0000000000028,0.6659173398899477,0.8132420091324255,14,150.3547945205454,0.0,77.33753424657486,0.0,0.0,False,none_feasible
demand,1.5,"0.8–1.25 из low/high данных; ×1.5–2 только TEAM reverse-stress, не прогноз",3bb53686d954c2989e85ce538f6a33c176ff5771ade8463123c631ba8d1f54ab,3bb53686d954c2989e85ce538f6a33c176ff5771ade8463123c631ba8d1f54ab,lunar,BASE,False,9786.854164959595,695.0000000000025,0.6659173398899476,0.8132420091324255,15,146.55972602739314,0.0,97.09753424657522,0.0,0.0,False,none_feasible
demand,1.5,"0.8–1.25 из low/high данных; ×1.5–2 только TEAM reverse-stress, не прогноз",3bb53686d954c2989e85ce538f6a33c176ff5771ade8463123c631ba8d1f54ab,3bb53686d954c2989e85ce538f6a33c176ff5771ade8463123c631ba8d1f54ab,diversified,BASE,False,11781.854164959599,695.0000000000026,0.6659173398899476,0.8132420091324255,15,146.55972602739314,0.0,97.09753424657532,0.0,320.00000000000006,False,none_feasible
demand,2.0,"0.8–1.25 из low/high данных; ×1.5–2 только TEAM reverse-stress, не прогноз",3bb53686d954c2989e85ce538f6a33c176ff5771ade8463123c631ba8d1f54ab,3bb53686d954c2989e85ce538f6a33c176ff5771ade8463123c631ba8d1f54ab,earth,BASE,False,10251.35099289789,1390.000000000006,0.49887600983491776,0.6109589041095931,16,609.4882191780767,0.0,76.9950684931502,0.0,0.0,False,none_feasible
demand,2.0,"0.8–1.25 из low/high данных; ×1.5–2 только TEAM reverse-stress, не прогноз",3bb53686d954c2989e85ce538f6a33c176ff5771ade8463123c631ba8d1f54ab,3bb53686d954c2989e85ce538f6a33c176ff5771ade8463123c631ba8d1f54ab,lunar,BASE,False,9782.701838354229,1390.0000000000057,0.4988760098349177,0.6109589041095931,17,605.911780821912,0.0,96.75506849315056,0.0,0.0,False,none_feasible
demand,2.0,"0.8–1.25 из low/high данных; ×1.5–2 только TEAM reverse-stress, не прогноз",3bb53686d954c2989e85ce538f6a33c176ff5771ade8463123c631ba8d1f54ab,3bb53686d954c2989e85ce538f6a33c176ff5771ade8463123c631ba8d1f54ab,diversified,BASE,False,11777.701838354233,1390.000000000006,0.4988760098349177,0.6109589041095931,17,605.911780821912,0.0,96.75506849315066,0.0,320.00000000000006,False,none_feasible
core_price,0.8,"+25% как контроль масштаба из mandatory; остальные границы TEAM_ASSUMPTION, без вероятности",3bb53686d954c2989e85ce538f6a33c176ff5771ade8463123c631ba8d1f54ab,1b0a1a84021e454ccfd759f2722c3f84310e4eca68c2be37df78bdfb961768a1,earth,BASE,True,8934.091026883147,3.836930773104541e-13,0.9999999999999968,0.9999999999999941,0,1.2363443602225743e-12,0.0,77.67999999999952,0.0,0.0,True,lunar
core_price,0.8,"+25% как контроль масштаба из mandatory; остальные границы TEAM_ASSUMPTION, без вероятности",3bb53686d954c2989e85ce538f6a33c176ff5771ade8463123c631ba8d1f54ab,1b0a1a84021e454ccfd759f2722c3f84310e4eca68c2be37df78bdfb961768a1,lunar,BASE,True,8491.93997815709,0.0,0.999999999999997,0.9999999999999941,0,1.2363443602225743e-12,3.552713678800501e-15,97.43999999999991,0.0,0.0,True,lunar
core_price,0.8,"+25% как контроль масштаба из mandatory; остальные границы TEAM_ASSUMPTION, без вероятности",3bb53686d954c2989e85ce538f6a33c176ff5771ade8463123c631ba8d1f54ab,1b0a1a84021e454ccfd759f2722c3f84310e4eca68c2be37df78bdfb961768a1,diversified,BASE,True,10486.939978157094,0.0,0.999999999999997,0.9999999999999941,0,1.2363443602225743e-12,3.552713678800501e-15,97.44000000000001,0.0,320.00000000000006,True,lunar
core_price,1.0,"+25% как контроль масштаба из mandatory; остальные границы TEAM_ASSUMPTION, без вероятности",3bb53686d954c2989e85ce538f6a33c176ff5771ade8463123c631ba8d1f54ab,7ba7b9167c73bcfd13b63cad9b8a04ac9145586cb08d880eabd93376e1784d13,earth,BASE,True,10265.13564568828,3.836930773104541e-13,0.9999999999999968,0.9999999999999941,0,1.2363443602225743e-12,0.0,77.67999999999952,0.0,0.0,True,lunar
core_price,1.0,"+25% как контроль масштаба из mandatory; остальные границы TEAM_ASSUMPTION, без вероятности",3bb53686d954c2989e85ce538f6a33c176ff5771ade8463123c631ba8d1f54ab,7ba7b9167c73bcfd13b63cad9b8a04ac9145586cb08d880eabd93376e1784d13,lunar,BASE,True,9795.159803931261,0.0,0.999999999999997,0.9999999999999941,0,1.2363443602225743e-12,3.552713678800501e-15,97.43999999999991,0.0,0.0,True,lunar
core_price,1.0,"+25% как контроль масштаба из mandatory; остальные границы TEAM_ASSUMPTION, без вероятности",3bb53686d954c2989e85ce538f6a33c176ff5771ade8463123c631ba8d1f54ab,7ba7b9167c73bcfd13b63cad9b8a04ac9145586cb08d880eabd93376e1784d13,diversified,BASE,True,11790.159803931263,0.0,0.999999999999997,0.9999999999999941,0,1.2363443602225743e-12,3.552713678800501e-15,97.44000000000001,0.0,320.00000000000006,True,lunar
core_price,1.25,"+25% как контроль масштаба из mandatory; остальные границы TEAM_ASSUMPTION, без вероятности",3bb53686d954c2989e85ce538f6a33c176ff5771ade8463123c631ba8d1f54ab,a3d8015c87a03cd6bf92b95bf38c7a48c813b4ed1ffb8d2cb33bb21b77743085,earth,BASE,True,11928.9414191947,3.836930773104541e-13,0.9999999999999968,0.9999999999999941,0,1.2363443602225743e-12,0.0,77.67999999999952,0.0,0.0,True,lunar
core_price,1.25,"+25% как контроль масштаба из mandatory; остальные границы TEAM_ASSUMPTION, без вероятности",3bb53686d954c2989e85ce538f6a33c176ff5771ade8463123c631ba8d1f54ab,a3d8015c87a03cd6bf92b95bf38c7a48c813b4ed1ffb8d2cb33bb21b77743085,lunar,BASE,True,11424.184586148975,0.0,0.999999999999997,0.9999999999999941,0,1.2363443602225743e-12,3.552713678800501e-15,97.43999999999991,0.0,0.0,True,lunar
core_price,1.25,"+25% как контроль масштаба из mandatory; остальные границы TEAM_ASSUMPTION, без вероятности",3bb53686d954c2989e85ce538f6a33c176ff5771ade8463123c631ba8d1f54ab,a3d8015c87a03cd6bf92b95bf38c7a48c813b4ed1ffb8d2cb33bb21b77743085,diversified,BASE,True,13419.18458614898,0.0,0.999999999999997,0.9999999999999941,0,1.2363443602225743e-12,3.552713678800501e-15,97.44000000000001,0.0,320.00000000000006,True,lunar
core_price,1.5,"+25% как контроль масштаба из mandatory; остальные границы TEAM_ASSUMPTION, без вероятности",3bb53686d954c2989e85ce538f6a33c176ff5771ade8463123c631ba8d1f54ab,3bb0e308d3296f7f20b3baaacc9e130f60b741f4b3b4aa3fbbb64f2493c2b0c5,earth,BASE,True,13592.74719270112,3.836930773104541e-13,0.9999999999999968,0.9999999999999941,0,1.2363443602225743e-12,0.0,77.67999999999952,0.0,0.0,True,lunar
core_price,1.5,"+25% как контроль масштаба из mandatory; остальные границы TEAM_ASSUMPTION, без вероятности",3bb53686d954c2989e85ce538f6a33c176ff5771ade8463123c631ba8d1f54ab,3bb0e308d3296f7f20b3baaacc9e130f60b741f4b3b4aa3fbbb64f2493c2b0c5,lunar,BASE,True,13053.209368366688,0.0,0.999999999999997,0.9999999999999941,0,1.2363443602225743e-12,3.552713678800501e-15,97.43999999999991,0.0,0.0,True,lunar
core_price,1.5,"+25% как контроль масштаба из mandatory; остальные границы TEAM_ASSUMPTION, без вероятности",3bb53686d954c2989e85ce538f6a33c176ff5771ade8463123c631ba8d1f54ab,3bb0e308d3296f7f20b3baaacc9e130f60b741f4b3b4aa3fbbb64f2493c2b0c5,diversified,BASE,True,15048.209368366695,0.0,0.999999999999997,0.9999999999999941,0,1.2363443602225743e-12,3.552713678800501e-15,97.44000000000001,0.0,320.00000000000006,True,lunar
core_price,2.0,"+25% как контроль масштаба из mandatory; остальные границы TEAM_ASSUMPTION, без вероятности",3bb53686d954c2989e85ce538f6a33c176ff5771ade8463123c631ba8d1f54ab,b5133eed3c81d612437488a71bf45d2f7c088dcab96c2e599f52cd110fcd8e2e,earth,BASE,True,16920.358739713956,3.836930773104541e-13,0.9999999999999968,0.9999999999999941,0,1.2363443602225743e-12,0.0,77.67999999999952,0.0,0.0,True,lunar
core_price,2.0,"+25% как контроль масштаба из mandatory; остальные границы TEAM_ASSUMPTION, без вероятности",3bb53686d954c2989e85ce538f6a33c176ff5771ade8463123c631ba8d1f54ab,b5133eed3c81d612437488a71bf45d2f7c088dcab96c2e599f52cd110fcd8e2e,lunar,BASE,True,16311.258932802115,0.0,0.999999999999997,0.9999999999999941,0,1.2363443602225743e-12,3.552713678800501e-15,97.43999999999991,0.0,0.0,True,lunar
core_price,2.0,"+25% как контроль масштаба из mandatory; остальные границы TEAM_ASSUMPTION, без вероятности",3bb53686d954c2989e85ce538f6a33c176ff5771ade8463123c631ba8d1f54ab,b5133eed3c81d612437488a71bf45d2f7c088dcab96c2e599f52cd110fcd8e2e,diversified,BASE,True,18306.258932802124,0.0,0.999999999999997,0.9999999999999941,0,1.2363443602225743e-12,3.552713678800501e-15,97.44000000000001,0.0,320.00000000000006,True,lunar
core_delivery,1.0,TEAM: 0–100% исполнение ключевого земного канала; весь диапазон определен физически,3bb53686d954c2989e85ce538f6a33c176ff5771ade8463123c631ba8d1f54ab,3bb53686d954c2989e85ce538f6a33c176ff5771ade8463123c631ba8d1f54ab,earth,TEAM_SENSITIVITY,True,10265.13564568828,3.836930773104541e-13,0.9999999999999968,0.9999999999999941,0,1.2363443602225743e-12,0.0,77.67999999999952,0.0,0.0,True,lunar
core_delivery,1.0,TEAM: 0–100% исполнение ключевого земного канала; весь диапазон определен физически,3bb53686d954c2989e85ce538f6a33c176ff5771ade8463123c631ba8d1f54ab,3bb53686d954c2989e85ce538f6a33c176ff5771ade8463123c631ba8d1f54ab,lunar,TEAM_SENSITIVITY,True,9795.159803931261,0.0,0.999999999999997,0.9999999999999941,0,1.2363443602225743e-12,3.552713678800501e-15,97.43999999999991,0.0,0.0,True,lunar
core_delivery,1.0,TEAM: 0–100% исполнение ключевого земного канала; весь диапазон определен физически,3bb53686d954c2989e85ce538f6a33c176ff5771ade8463123c631ba8d1f54ab,3bb53686d954c2989e85ce538f6a33c176ff5771ade8463123c631ba8d1f54ab,diversified,TEAM_SENSITIVITY,True,11790.159803931263,0.0,0.999999999999997,0.9999999999999941,0,1.2363443602225743e-12,3.552713678800501e-15,97.44000000000001,0.0,320.00000000000006,True,lunar
core_delivery,0.9,TEAM: 0–100% исполнение ключевого земного канала; весь диапазон определен физически,3bb53686d954c2989e85ce538f6a33c176ff5771ade8463123c631ba8d1f54ab,3bb53686d954c2989e85ce538f6a33c176ff5771ade8463123c631ba8d1f54ab,earth,TEAM_SENSITIVITY,True,10263.502016786799,56.316000000000166,0.9230736301369864,0.9768313111546078,4,5.976383561642152,0.0,71.84794520547932,0.0,0.0,False,none_feasible
core_delivery,0.9,TEAM: 0–100% исполнение ключевого земного канала; весь диапазон определен физически,3bb53686d954c2989e85ce538f6a33c176ff5771ade8463123c631ba8d1f54ab,3bb53686d954c2989e85ce538f6a33c176ff5771ade8463123c631ba8d1f54ab,lunar,TEAM_SENSITIVITY,True,9793.051546273913,56.31599999999982,0.9106734589041097,0.9698630136986361,4,6.328767123287648,0.0,87.62750684931497,0.0,0.0,False,none_feasible
core_delivery,0.9,TEAM: 0–100% исполнение ключевого земного канала; весь диапазон определен физически,3bb53686d954c2989e85ce538f6a33c176ff5771ade8463123c631ba8d1f54ab,3bb53686d954c2989e85ce538f6a33c176ff5771ade8463123c631ba8d1f54ab,diversified,TEAM_SENSITIVITY,True,11788.590502848134,56.315999999999924,0.938655780821923,0.9884979726027441,5,4.981041095889466,0.0,94.00405479452053,0.0,320.00000000000006,False,none_feasible
core_delivery,0.75,TEAM: 0–100% исполнение ключевого земного канала; весь диапазон определен физически,3bb53686d954c2989e85ce538f6a33c176ff5771ade8463123c631ba8d1f54ab,3bb53686d954c2989e85ce538f6a33c176ff5771ade8463123c631ba8d1f54ab,earth,TEAM_SENSITIVITY,True,10261.324307380906,140.79000000000025,0.8076840753424699,0.93930202217874,5,15.694931506848334,0.0,68.85986301369853,0.0,0.0,False,none_feasible
core_delivery,0.75,TEAM: 0–100% исполнение ключевого земного канала; весь диапазон определен физически,3bb53686d954c2989e85ce538f6a33c176ff5771ade8463123c631ba8d1f54ab,3bb53686d954c2989e85ce538f6a33c176ff5771ade8463123c631ba8d1f54ab,lunar,TEAM_SENSITIVITY,True,9790.295535408086,140.78999999999974,0.776683647260278,0.9239073711676503,4,15.979452054794663,0.0,83.71999999999981,0.0,0.0,False,none_feasible
core_delivery,0.75,TEAM: 0–100% исполнение ключевого земного канала; весь диапазон определен физически,3bb53686d954c2989e85ce538f6a33c176ff5771ade8463123c631ba8d1f54ab,3bb53686d954c2989e85ce538f6a33c176ff5771ade8463123c631ba8d1f54ab,diversified,TEAM_SENSITIVITY,True,11786.376614935205,140.79000000000002,0.8466394520547956,0.9681764383561683,5,13.418630136985328,0.0,88.85013698630134,0.0,320.00000000000006,False,none_feasible
core_delivery,0.5,TEAM: 0–100% исполнение ключевого земного канала; весь диапазон определен физически,3bb53686d954c2989e85ce538f6a33c176ff5771ade8463123c631ba8d1f54ab,3bb53686d954c2989e85ce538f6a33c176ff5771ade8463123c631ba8d1f54ab,earth,TEAM_SENSITIVITY,False,10258.422047639868,281.58000000000015,0.61536815068493,0.7529471624266152,7,104.01808219177967,0.0,65.58904109589025,0.0,0.0,False,none_feasible
core_delivery,0.5,TEAM: 0–100% исполнение ключевого земного канала; весь диапазон определен физически,3bb53686d954c2989e85ce538f6a33c176ff5771ade8463123c631ba8d1f54ab,3bb53686d954c2989e85ce538f6a33c176ff5771ade8463123c631ba8d1f54ab,lunar,TEAM_SENSITIVITY,True,9786.785274375998,281.57999999999953,0.5533672945205468,0.707436399217222,6,103.89342465753306,0.0,83.71999999999981,0.0,0.0,False,none_feasible
core_delivery,0.5,TEAM: 0–100% исполнение ключевого земного канала; весь диапазон определен физически,3bb53686d954c2989e85ce538f6a33c176ff5771ade8463123c631ba8d1f54ab,3bb53686d954c2989e85ce538f6a33c176ff5771ade8463123c631ba8d1f54ab,diversified,TEAM_SENSITIVITY,True,11783.060399915501,281.58,0.693278904109589,0.8293391780821963,6,102.70931506849242,0.0,80.26027397260268,0.0,320.00000000000006,False,none_feasible
core_delivery,0.0,TEAM: 0–100% исполнение ключевого земного канала; весь диапазон определен физически,3bb53686d954c2989e85ce538f6a33c176ff5771ade8463123c631ba8d1f54ab,3bb53686d954c2989e85ce538f6a33c176ff5771ade8463123c631ba8d1f54ab,earth,TEAM_SENSITIVITY,False,10255.346170079349,563.1600000000003,0.23287671232876767,0.23287671232876697,7,368.51890410959106,0.0,65.58904109589025,0.0,0.0,False,none_feasible
core_delivery,0.0,TEAM: 0–100% исполнение ключевого земного канала; весь диапазон определен физически,3bb53686d954c2989e85ce538f6a33c176ff5771ade8463123c631ba8d1f54ab,3bb53686d954c2989e85ce538f6a33c176ff5771ade8463123c631ba8d1f54ab,lunar,TEAM_SENSITIVITY,False,9783.82677478508,563.1599999999994,0.10887500000000001,0.10958904109589046,7,368.50520547945257,0.0,83.71999999999981,0.0,0.0,False,none_feasible
core_delivery,0.0,TEAM: 0–100% исполнение ключевого земного канала; весь диапазон определен физически,3bb53686d954c2989e85ce538f6a33c176ff5771ade8463123c631ba8d1f54ab,3bb53686d954c2989e85ce538f6a33c176ff5771ade8463123c631ba8d1f54ab,diversified,TEAM_SENSITIVITY,False,11777.828891805162,563.16,0.38655780821917857,0.38667848509266967,7,369.2936986301375,0.0,63.08054794520535,0.0,320.00000000000006,False,none_feasible
core_delay,0.0,"TEAM: 7–180 дней; 42 дня — масштаб Emergency lead time, не оценка вероятности",3bb53686d954c2989e85ce538f6a33c176ff5771ade8463123c631ba8d1f54ab,3bb53686d954c2989e85ce538f6a33c176ff5771ade8463123c631ba8d1f54ab,earth,TEAM_SENSITIVITY,True,10265.13564568828,3.836930773104541e-13,0.9999999999999968,0.9999999999999941,0,1.2363443602225743e-12,0.0,77.67999999999952,0.0,0.0,True,lunar
core_delay,0.0,"TEAM: 7–180 дней; 42 дня — масштаб Emergency lead time, не оценка вероятности",3bb53686d954c2989e85ce538f6a33c176ff5771ade8463123c631ba8d1f54ab,3bb53686d954c2989e85ce538f6a33c176ff5771ade8463123c631ba8d1f54ab,lunar,TEAM_SENSITIVITY,True,9795.159803931261,0.0,0.999999999999997,0.9999999999999941,0,1.2363443602225743e-12,3.552713678800501e-15,97.43999999999991,0.0,0.0,True,lunar
core_delay,0.0,"TEAM: 7–180 дней; 42 дня — масштаб Emergency lead time, не оценка вероятности",3bb53686d954c2989e85ce538f6a33c176ff5771ade8463123c631ba8d1f54ab,3bb53686d954c2989e85ce538f6a33c176ff5771ade8463123c631ba8d1f54ab,diversified,TEAM_SENSITIVITY,True,11790.159803931263,0.0,0.999999999999997,0.9999999999999941,0,1.2363443602225743e-12,3.552713678800501e-15,97.44000000000001,0.0,320.00000000000006,True,lunar
core_delay,7.0,"TEAM: 7–180 дней; 42 дня — масштаб Emergency lead time, не оценка вероятности",3bb53686d954c2989e85ce538f6a33c176ff5771ade8463123c631ba8d1f54ab,3bb53686d954c2989e85ce538f6a33c176ff5771ade8463123c631ba8d1f54ab,earth,TEAM_SENSITIVITY,False,10269.100072425004,7.479452054794816,0.9808219178082227,0.9821112006446355,4,4.301369863012397,0.0,77.4882191780817,0.0,0.0,False,none_feasible
core_delay,7.0,"TEAM: 7–180 дней; 42 дня — масштаб Emergency lead time, не оценка вероятности",3bb53686d954c2989e85ce538f6a33c176ff5771ade8463123c631ba8d1f54ab,3bb53686d954c2989e85ce538f6a33c176ff5771ade8463123c631ba8d1f54ab,lunar,TEAM_SENSITIVITY,False,9799.197036462692,7.479452054794489,0.9835616438356208,0.9839387590652667,3,4.45643835616265,0.0,97.24821917808207,0.0,0.0,False,none_feasible
core_delay,7.0,"TEAM: 7–180 дней; 42 дня — масштаб Emergency lead time, не оценка вероятности",3bb53686d954c2989e85ce538f6a33c176ff5771ade8463123c631ba8d1f54ab,3bb53686d954c2989e85ce538f6a33c176ff5771ade8463123c631ba8d1f54ab,diversified,TEAM_SENSITIVITY,False,11794.3787515462,7.479452054794489,0.9808219178082236,0.9811990330378694,3,4.495890410957443,0.0,96.09753424657532,0.0,320.00000000000006,False,none_feasible
core_delay,14.0,"TEAM: 7–180 дней; 42 дня — масштаб Emergency lead time, не оценка вероятности",3bb53686d954c2989e85ce538f6a33c176ff5771ade8463123c631ba8d1f54ab,3bb53686d954c2989e85ce538f6a33c176ff5771ade8463123c631ba8d1f54ab,earth,TEAM_SENSITIVITY,False,10272.01069694743,14.958904109589296,0.9643835616438393,0.9656728444802525,5,8.876712328765748,0.0,77.4882191780817,0.0,0.0,False,none_feasible
core_delay,14.0,"TEAM: 7–180 дней; 42 дня — масштаб Emergency lead time, не оценка вероятности",3bb53686d954c2989e85ce538f6a33c176ff5771ade8463123c631ba8d1f54ab,3bb53686d954c2989e85ce538f6a33c176ff5771ade8463123c631ba8d1f54ab,lunar,TEAM_SENSITIVITY,False,9801.516527609248,12.821917808219126,0.9698630136986344,0.9702401289282808,5,7.524931506847494,0.0,97.24821917808207,0.0,0.0,False,none_feasible
core_delay,14.0,"TEAM: 7–180 дней; 42 дня — масштаб Emergency lead time, не оценка вероятности",3bb53686d954c2989e85ce538f6a33c176ff5771ade8463123c631ba8d1f54ab,3bb53686d954c2989e85ce538f6a33c176ff5771ade8463123c631ba8d1f54ab,diversified,TEAM_SENSITIVITY,False,11796.825659859205,13.890410958904043,0.9616438356164425,0.9620209508460891,4,8.955616438354426,0.0,94.75506849315066,0.0,320.00000000000006,False,none_feasible
core_delay,30.0,"TEAM: 7–180 дней; 42 дня — масштаб Emergency lead time, не оценка вероятности",3bb53686d954c2989e85ce538f6a33c176ff5771ade8463123c631ba8d1f54ab,3bb53686d954c2989e85ce538f6a33c176ff5771ade8463123c631ba8d1f54ab,earth,TEAM_SENSITIVITY,False,10277.413324021929,26.109589041096196,0.9381676712328736,0.9387236099919276,7,15.595068493152084,0.0,77.4882191780817,0.0,0.0,False,none_feasible
core_delay,30.0,"TEAM: 7–180 дней; 42 дня — масштаб Emergency lead time, не оценка вероятности",3bb53686d954c2989e85ce538f6a33c176ff5771ade8463123c631ba8d1f54ab,3bb53686d954c2989e85ce538f6a33c176ff5771ade8463123c631ba8d1f54ab,lunar,TEAM_SENSITIVITY,False,9806.327443038035,26.109589041095866,0.9452054794520588,0.9455825946817061,6,15.579726027396603,0.0,97.24821917808207,0.0,0.0,False,none_feasible
core_delay,30.0,"TEAM: 7–180 дней; 42 дня — масштаб Emergency lead time, не оценка вероятности",3bb53686d954c2989e85ce538f6a33c176ff5771ade8463123c631ba8d1f54ab,3bb53686d954c2989e85ce538f6a33c176ff5771ade8463123c631ba8d1f54ab,diversified,TEAM_SENSITIVITY,False,11798.248209080448,26.71232876712328,0.9260273972602777,0.9264045124899257,5,17.689315068491183,0.0,89.63178082191779,0.0,320.00000000000006,False,none_feasible
core_delay,42.0,"TEAM: 7–180 дней; 42 дня — масштаб Emergency lead time, не оценка вероятности",3bb53686d954c2989e85ce538f6a33c176ff5771ade8463123c631ba8d1f54ab,3bb53686d954c2989e85ce538f6a33c176ff5771ade8463123c631ba8d1f54ab,earth,TEAM_SENSITIVITY,False,10282.159934763155,36.630136986301665,0.9150684931506881,0.9163577759871032,7,21.698630136985983,0.0,77.4882191780817,0.0,0.0,False,none_feasible
core_delay,42.0,"TEAM: 7–180 дней; 42 дня — масштаб Emergency lead time, не оценка вероятности",3bb53686d954c2989e85ce538f6a33c176ff5771ade8463123c631ba8d1f54ab,3bb53686d954c2989e85ce538f6a33c176ff5771ade8463123c631ba8d1f54ab,lunar,TEAM_SENSITIVITY,False,9810.389626562148,36.63013698630134,0.9315068493150722,0.9318839645447202,6,22.48383561643773,0.0,97.24821917808207,0.0,0.0,False,none_feasible
core_delay,42.0,"TEAM: 7–180 дней; 42 дня — масштаб Emergency lead time, не оценка вероятности",3bb53686d954c2989e85ce538f6a33c176ff5771ade8463123c631ba8d1f54ab,3bb53686d954c2989e85ce538f6a33c176ff5771ade8463123c631ba8d1f54ab,diversified,TEAM_SENSITIVITY,False,11798.423284329087,36.32876712328762,0.9041095890410993,0.9044867042707483,5,23.82630136986093,0.0,84.59068493150684,0.0,320.00000000000006,False,none_feasible
core_delay,90.0,"TEAM: 7–180 дней; 42 дня — масштаб Emergency lead time, не оценка вероятности",3bb53686d954c2989e85ce538f6a33c176ff5771ade8463123c631ba8d1f54ab,3bb53686d954c2989e85ce538f6a33c176ff5771ade8463123c631ba8d1f54ab,earth,TEAM_SENSITIVITY,False,10297.503273385786,78.71232876712362,0.849315068493153,0.8506043513295708,7,46.048219178083244,0.0,77.4882191780817,0.0,0.0,False,none_feasible
core_delay,90.0,"TEAM: 7–180 дней; 42 дня — масштаб Emergency lead time, не оценка вероятности",3bb53686d954c2989e85ce538f6a33c176ff5771ade8463123c631ba8d1f54ab,3bb53686d954c2989e85ce538f6a33c176ff5771ade8463123c631ba8d1f54ab,lunar,TEAM_SENSITIVITY,False,9823.986338410525,78.71232876712327,0.8589041095890421,0.8665237711522953,7,47.430684931506434,0.0,101.71068493150665,0.0,0.0,False,none_feasible
core_delay,90.0,"TEAM: 7–180 дней; 42 дня — масштаб Emergency lead time, не оценка вероятности",3bb53686d954c2989e85ce538f6a33c176ff5771ade8463123c631ba8d1f54ab,3bb53686d954c2989e85ce538f6a33c176ff5771ade8463123c631ba8d1f54ab,diversified,TEAM_SENSITIVITY,False,11800.64266777814,69.45205479452046,0.8027397260273993,0.8031168412570525,6,43.88109589040833,0.0,69.92986301369851,0.0,320.00000000000006,False,none_feasible
core_delay,180.0,"TEAM: 7–180 дней; 42 дня — масштаб Emergency lead time, не оценка вероятности",3bb53686d954c2989e85ce538f6a33c176ff5771ade8463123c631ba8d1f54ab,3bb53686d954c2989e85ce538f6a33c176ff5771ade8463123c631ba8d1f54ab,earth,TEAM_SENSITIVITY,False,10290.992183004852,128.68493150684967,0.7107704109588979,0.7113263497179603,7,76.47178082191877,0.0,78.36493150684883,0.0,0.0,False,none_feasible
core_delay,180.0,"TEAM: 7–180 дней; 42 дня — масштаб Emergency lead time, не оценка вероятности",3bb53686d954c2989e85ce538f6a33c176ff5771ade8463123c631ba8d1f54ab,3bb53686d954c2989e85ce538f6a33c176ff5771ade8463123c631ba8d1f54ab,lunar,TEAM_SENSITIVITY,False,9842.609729515798,154.10958904109597,0.6979931506849343,0.7479452054794534,7,91.92383561643807,0.0,111.35452054794504,0.0,0.0,False,none_feasible
core_delay,180.0,"TEAM: 7–180 дней; 42 дня — масштаб Emergency lead time, не оценка вероятности",3bb53686d954c2989e85ce538f6a33c176ff5771ade8463123c631ba8d1f54ab,3bb53686d954c2989e85ce538f6a33c176ff5771ade8463123c631ba8d1f54ab,diversified,TEAM_SENSITIVITY,False,11801.879020594803,126.08219178082163,0.6164383561643832,0.61681547139404,6,79.01643835616193,0.0,71.29972602739714,0.0,320.00000000000006,False,none_feasible
